household_id,collective_id,ward,station_id,zone_id,crop,soil,plot_size,plot_unit,crop_stage,planted_date,stored_bags,seed_in_stock,phone,channel,yield_history,possible_duplicate_of
HH-001,KAV-A,Kavuli,ST-KAV,Z1,maize,loam,1.5,acre,none,,0,yes,+254700000001,sms,820;640;710,
HH-002,KAV-A,Kavuli,ST-KAV,Z1,maize,sandy,0.75,acre,none,,0,no,+254700000002,sms,410;380;,
HH-003,KAV-A,Kavuli,ST-KAV,Z1,maize,loam,1,acre,emergence,2026-09-25,0,yes,+254700000003,sms,900;760;850,
HH-004,KAV-A,Kavuli,ST-KAV,Z1,sorghum,clay,2,ha,none,,0,yes,+254700000004,ussd,600;590;640,
HH-005,KAV-A,Kavuli,ST-KAV,Z1,maize,loam,1,acre,none,,6,yes,,visit,7 bags;5 bags;6 bags,
HH-006,MUT-B,Muthini,ST-MUT,Z1,maize,loam,1,acre,none,,0,yes,+254700000006,sms,700;650;690,
HH-007,MUT-B,Muthini,ST-MUT,Z1,beans,clay,,,none,,0,yes,+254700000007,sms,250;;230,
HH-008,MUT-B,Muthini,ST-MUT,Z1,maize,loam,1,acre,none,,0,yes,+254700000008,sms,700;650;690,HH-006
HH-009,MUT-B,Muthini,ST-MUT,Z1,sorghum,sandy,1.25,acre,none,,0,no,+254700000009,ussd,450;500;480,
HH-010,NDU-C,Nduu,,Z2,maize,clay,2,acre,none,,0,yes,+254700000010,sms,950;870;920,
HH-011,NDU-C,Nduu,,Z2,beans,loam,0.5,acre,none,,0,no,+254700000011,sms,300;280;310,
HH-012,NDU-C,Nduu,,Z2,maize,loam,1.5,acre,none,,0,yes,+254700000012,ussd,880;;900,
